11,Food Scientist
14,Brewmaster
11,Exploration Geophysicist
12,Chemist
13,Laboratory Manager
12,Hazardous Waste Management
13,Chemical Engineering Tech
12,Pharmaceutical Chemist
13,Quality Controller
11,Geochemist
13,Technical Sales Representative
13,Textile Chemist
14,Biochemistry Technologist
13,Environmental Policy Maker
13,Paint Formulation Chemist
12,Health Care Administrator
11,Technical Writer / Editor
12,Medical Lab Tech
10,Toxicologist
13,Astrochemist
11,Chemical Analyst
13,Plant Manager
14,Water Purification Chemist
13,Sustainability Specialist
14,Nanotechnologist
14,Chemical Physicist
14,Patent Agent
12,Industrial Hygienist
13,Environmental Consultant
10,Petroleum Engineering Technologist
14,Material Scientist
12,Pathologist
12,Epidemiologist
14,Forensic Scientist
10,Chemical Information Specialists
13,Colloid and Surface Chemist
12,Environmental Chemist
10,Textile Chemist
11,Consulting
11,Food and Flavor Chemistry
13,Hazardous Waste Manager
11,R&D Manager
12,Academic Researcher
11,Colour Technologist
14,Medicinal Chemist
11,Palaeontologist
11,Pharmacologist
12,Analytical Chemist
12,Bioanalytical Scientist
12,Business Development Manager
13,Defence Scientist
12,Food Technologist
14,Physical Chemist
12,Policy Analyst
12,Project Manager
14,Quality Assurance Officer
