{ "compressionlevel":-1,
 "editorsettings":
    {
     "export":
        {
         "format":"json",
         "target":"jungleredo2.json"
        }
    },
 "height":10,
 "infinite":false,
 "layers":[
        {
         "data":[0, 0, 0, 0, 0, 0, 0, 0, 0, 0, 0, 0, 0, 0, 0, 0, 0, 0, 0, 0, 0, 0, 0, 0, 0, 0, 0, 0, 0, 0, 0, 0, 0, 0, 0, 0, 0, 0, 0, 0, 0, 0, 0, 0, 0, 0, 0, 0, 0, 0,
            0, 0, 0, 0, 0, 0, 0, 0, 0, 0, 0, 0, 0, 0, 0, 0, 0, 0, 0, 0, 0, 0, 0, 0, 0, 0, 0, 0, 0, 0, 0, 0, 0, 0, 0, 0, 0, 0, 0, 0, 0, 0, 0, 0, 0, 0, 0, 0, 0, 0,
            0, 0, 0, 0, 0, 0, 0, 0, 0, 0, 0, 0, 0, 0, 0, 0, 0, 0, 0, 0, 0, 0, 0, 0, 0, 0, 0, 0, 0, 0, 0, 0, 0, 0, 0, 0, 0, 0, 0, 0, 0, 0, 0, 0, 0, 0, 0, 0, 0, 0,
            0, 0, 0, 0, 0, 0, 0, 0, 0, 0, 0, 0, 0, 0, 0, 0, 0, 0, 0, 0, 0, 0, 0, 0, 0, 0, 0, 0, 0, 0, 0, 0, 0, 0, 0, 0, 0, 0, 0, 0, 0, 0, 0, 0, 0, 0, 0, 0, 0, 0,
            0, 0, 0, 0, 0, 0, 0, 0, 0, 0, 0, 0, 0, 0, 0, 0, 0, 0, 0, 0, 0, 0, 0, 0, 0, 0, 0, 0, 0, 0, 0, 0, 0, 0, 0, 0, 0, 0, 0, 0, 0, 0, 0, 0, 0, 0, 0, 0, 0, 0,
            766, 0, 0, 0, 0, 0, 0, 0, 0, 0, 0, 0, 0, 0, 0, 0, 0, 0, 0, 0, 0, 0, 0, 0, 0, 0, 0, 0, 0, 0, 0, 0, 0, 0, 0, 0, 0, 0, 0, 0, 0, 0, 0, 0, 0, 0, 0, 0, 0, 0,
            776, 0, 0, 0, 0, 0, 0, 0, 0, 0, 1, 0, 0, 0, 0, 0, 0, 0, 0, 0, 0, 0, 0, 0, 0, 1, 0, 0, 0, 0, 0, 0, 0, 0, 0, 0, 0, 0, 0, 1, 0, 0, 0, 0, 0, 0, 0, 0, 0, 0,
            786, 0, 0, 0, 0, 0, 0, 0, 0, 0, 11, 0, 0, 0, 0, 0, 0, 0, 0, 0, 0, 0, 0, 0, 0, 11, 0, 0, 0, 0, 0, 0, 0, 0, 0, 0, 0, 0, 0, 11, 0, 0, 0, 0, 0, 0, 0, 0, 0, 0,
            796, 0, 0, 0, 0, 0, 0, 0, 0, 0, 21, 0, 0, 0, 0, 0, 0, 0, 0, 0, 0, 0, 0, 0, 0, 21, 0, 0, 0, 0, 0, 0, 0, 0, 0, 0, 0, 0, 0, 21, 0, 0, 0, 0, 0, 0, 0, 0, 0, 0,
            806, 0, 0, 0, 0, 0, 0, 0, 0, 0, 31, 0, 0, 0, 0, 0, 0, 0, 0, 0, 0, 0, 0, 0, 0, 31, 0, 0, 0, 0, 0, 0, 0, 0, 0, 0, 0, 0, 0, 31, 0, 0, 0, 0, 0, 0, 0, 0, 0, 0],
         "height":10,
         "id":9,
         "name":"Platforms",
         "opacity":1,
         "type":"tilelayer",
         "visible":true,
         "width":50,
         "x":0,
         "y":0
        }, 
        {
         "data":[0, 0, 0, 0, 0, 0, 0, 0, 0, 0, 0, 0, 0, 0, 0, 0, 0, 0, 0, 0, 0, 0, 0, 0, 0, 0, 0, 0, 0, 0, 0, 0, 0, 0, 0, 0, 0, 0, 0, 0, 0, 0, 0, 0, 0, 0, 0, 0, 0, 0,
            0, 0, 0, 0, 0, 0, 0, 0, 0, 0, 0, 0, 0, 0, 0, 0, 0, 0, 0, 0, 0, 0, 0, 0, 0, 0, 0, 0, 0, 0, 0, 0, 0, 0, 0, 0, 0, 0, 0, 0, 0, 0, 0, 0, 0, 0, 0, 0, 0, 0,
            0, 0, 0, 0, 0, 0, 0, 0, 0, 0, 0, 0, 0, 0, 0, 0, 0, 0, 0, 0, 0, 0, 0, 0, 0, 0, 0, 0, 0, 0, 0, 0, 0, 0, 0, 0, 0, 0, 0, 0, 0, 0, 0, 0, 0, 0, 0, 0, 0, 0,
            1, 2, 3, 4, 5, 6, 7, 8, 9, 10, 1, 2, 3, 4, 5, 6, 7, 8, 9, 10, 1, 2, 3, 4, 5, 6, 7, 8, 9, 10, 1, 2, 3, 4, 5, 6, 7, 8, 9, 10, 1, 2, 3, 4, 5, 6, 7, 8, 9, 10,
            11, 12, 13, 14, 15, 16, 17, 18, 19, 20, 11, 12, 13, 14, 15, 16, 17, 18, 19, 20, 11, 12, 13, 14, 15, 16, 17, 18, 19, 20, 11, 12, 13, 14, 15, 16, 17, 18, 19, 20, 11, 12, 13, 14, 15, 16, 17, 18, 19, 20,
            21, 22, 23, 24, 25, 26, 27, 28, 29, 30, 21, 22, 23, 24, 25, 26, 27, 28, 29, 30, 21, 22, 23, 24, 25, 26, 27, 28, 29, 30, 21, 22, 23, 24, 25, 26, 27, 28, 29, 30, 21, 22, 23, 24, 25, 26, 27, 28, 29, 30,
            31, 32, 33, 34, 35, 36, 37, 38, 39, 40, 31, 32, 33, 34, 35, 36, 37, 38, 39, 40, 31, 32, 33, 34, 35, 36, 37, 38, 39, 40, 31, 32, 33, 34, 35, 36, 37, 38, 39, 40, 31, 32, 33, 34, 35, 36, 37, 38, 39, 40,
            41, 42, 43, 44, 45, 46, 47, 48, 49, 50, 41, 42, 43, 44, 45, 46, 47, 48, 49, 50, 41, 42, 43, 44, 45, 46, 47, 48, 49, 50, 41, 42, 43, 44, 45, 46, 47, 48, 49, 50, 41, 42, 43, 44, 45, 46, 47, 48, 49, 50,
            0, 0, 0, 0, 0, 0, 0, 0, 0, 0, 0, 0, 0, 0, 0, 0, 0, 0, 0, 0, 0, 0, 0, 0, 0, 0, 0, 0, 0, 0, 0, 0, 0, 0, 0, 0, 0, 0, 0, 0, 0, 0, 0, 0, 0, 0, 0, 0, 0, 0,
            0, 0, 0, 0, 0, 0, 0, 0, 0, 0, 0, 0, 0, 0, 0, 0, 0, 0, 0, 0, 0, 0, 0, 0, 0, 0, 0, 0, 0, 0, 0, 0, 0, 0, 0, 0, 0, 0, 0, 0, 0, 0, 0, 0, 0, 0, 0, 0, 0, 0],
         "height":10,
         "id":1,
         "name":"Background_1",
         "opacity":1,
         "type":"tilelayer",
         "visible":true,
         "width":50,
         "x":0,
         "y":0
        }, 
        {
         "data":[0, 0, 0, 0, 0, 0, 0, 0, 0, 0, 0, 0, 0, 0, 0, 0, 0, 0, 0, 0, 0, 0, 0, 0, 0, 0, 0, 0, 0, 0, 0, 0, 0, 0, 0, 0, 0, 0, 0, 0, 0, 0, 0, 0, 0, 0, 0, 0, 0, 0,
            0, 0, 0, 0, 0, 0, 0, 0, 0, 0, 0, 0, 0, 0, 0, 0, 0, 0, 0, 0, 0, 0, 0, 0, 0, 0, 0, 0, 0, 0, 0, 0, 0, 0, 0, 0, 0, 0, 0, 0, 0, 0, 0, 0, 0, 0, 0, 0, 0, 0,
            0, 0, 0, 0, 0, 0, 0, 0, 0, 0, 0, 0, 0, 0, 0, 0, 0, 0, 0, 0, 0, 0, 0, 0, 0, 0, 0, 0, 0, 0, 0, 0, 0, 0, 0, 0, 0, 0, 0, 0, 0, 0, 0, 0, 0, 0, 0, 0, 0, 0,
            51, 52, 53, 54, 55, 56, 57, 58, 59, 60, 51, 52, 53, 54, 55, 56, 57, 58, 59, 60, 51, 52, 53, 54, 55, 56, 57, 58, 59, 60, 51, 52, 53, 54, 55, 56, 57, 58, 59, 60, 51, 52, 53, 54, 55, 56, 57, 58, 59, 60,
            61, 62, 63, 64, 65, 66, 67, 68, 69, 70, 61, 62, 63, 64, 65, 66, 67, 68, 69, 70, 61, 62, 63, 64, 65, 66, 67, 68, 69, 70, 61, 62, 63, 64, 65, 66, 67, 68, 69, 70, 61, 62, 63, 64, 65, 66, 67, 68, 69, 70,
            71, 72, 73, 74, 75, 76, 77, 78, 79, 80, 71, 72, 73, 74, 75, 76, 77, 78, 79, 80, 71, 72, 73, 74, 75, 76, 77, 78, 79, 80, 71, 72, 73, 74, 75, 76, 77, 78, 79, 80, 71, 72, 73, 74, 75, 76, 77, 78, 79, 80,
            81, 82, 83, 84, 85, 86, 87, 88, 89, 90, 81, 82, 83, 84, 85, 86, 87, 88, 89, 90, 81, 82, 83, 84, 85, 86, 87, 88, 89, 90, 81, 82, 83, 84, 85, 86, 87, 88, 89, 90, 81, 82, 83, 84, 85, 86, 87, 88, 89, 90,
            91, 92, 93, 94, 95, 96, 97, 98, 99, 100, 91, 92, 93, 94, 95, 96, 97, 98, 99, 100, 91, 92, 93, 94, 95, 96, 97, 98, 99, 100, 91, 92, 93, 94, 95, 96, 97, 98, 99, 100, 91, 92, 93, 94, 95, 96, 97, 98, 99, 100,
            0, 0, 0, 0, 0, 0, 0, 0, 0, 0, 0, 0, 0, 0, 0, 0, 0, 0, 0, 0, 0, 0, 0, 0, 0, 0, 0, 0, 0, 0, 0, 0, 0, 0, 0, 0, 0, 0, 0, 0, 0, 0, 0, 0, 0, 0, 0, 0, 0, 0,
            0, 0, 0, 0, 0, 0, 0, 0, 0, 0, 0, 0, 0, 0, 0, 0, 0, 0, 0, 0, 0, 0, 0, 0, 0, 0, 0, 0, 0, 0, 0, 0, 0, 0, 0, 0, 0, 0, 0, 0, 0, 0, 0, 0, 0, 0, 0, 0, 0, 0],
         "height":10,
         "id":2,
         "name":"Background_2",
         "opacity":1,
         "type":"tilelayer",
         "visible":true,
         "width":50,
         "x":0,
         "y":0
        }, 
        {
         "data":[102, 102, 102, 102, 102, 102, 102, 102, 102, 102, 102, 102, 103, 104, 105, 106, 107, 102, 103, 104, 105, 106, 107, 104, 105, 106, 107, 102, 103, 104, 105, 106, 107, 102, 103, 104, 105, 106, 107, 102, 103, 104, 105, 106, 107, 107, 104, 105, 106, 107,
            102, 103, 104, 105, 106, 107, 107, 105, 106, 102, 103, 104, 105, 106, 107, 106, 107, 102, 102, 103, 104, 102, 103, 104, 105, 106, 107, 102, 103, 104, 105, 106, 107, 102, 103, 104, 105, 106, 107, 102, 102, 103, 104, 105, 106, 107, 107, 107, 104, 105,
            102, 102, 103, 104, 105, 106, 107, 107, 107, 102, 103, 104, 105, 106, 107, 107, 107, 102, 103, 104, 105, 102, 103, 104, 105, 106, 107, 102, 103, 104, 105, 106, 107, 102, 103, 104, 105, 106, 107, 102, 103, 104, 105, 102, 103, 104, 105, 106, 107, 107,
            101, 102, 103, 104, 105, 106, 107, 108, 109, 110, 101, 102, 103, 104, 105, 106, 107, 108, 109, 110, 101, 102, 103, 104, 105, 106, 107, 108, 109, 110, 101, 102, 103, 104, 105, 106, 107, 108, 109, 110, 101, 102, 103, 104, 105, 106, 107, 108, 109, 110,
            111, 112, 113, 114, 115, 116, 117, 118, 119, 120, 111, 112, 113, 114, 115, 116, 117, 118, 119, 120, 111, 112, 113, 114, 115, 116, 117, 118, 119, 120, 111, 112, 113, 114, 115, 116, 117, 118, 119, 120, 111, 112, 113, 114, 115, 116, 117, 118, 119, 120,
            121, 122, 123, 124, 125, 126, 127, 128, 129, 130, 121, 122, 123, 124, 125, 126, 127, 128, 129, 130, 121, 122, 123, 124, 125, 126, 127, 128, 129, 130, 121, 122, 123, 124, 125, 126, 127, 128, 129, 130, 121, 122, 123, 124, 125, 126, 127, 128, 129, 130,
            131, 132, 133, 134, 135, 136, 137, 138, 139, 140, 131, 132, 133, 134, 135, 136, 137, 138, 139, 140, 131, 132, 133, 134, 135, 136, 137, 138, 139, 140, 131, 132, 133, 134, 135, 136, 137, 138, 139, 140, 131, 132, 133, 134, 135, 136, 137, 138, 139, 140,
            141, 142, 143, 144, 145, 146, 147, 148, 149, 150, 141, 142, 143, 144, 145, 146, 147, 148, 149, 150, 141, 142, 143, 144, 145, 146, 147, 148, 149, 150, 141, 142, 143, 144, 145, 146, 147, 148, 149, 150, 141, 142, 143, 144, 145, 146, 147, 148, 149, 150,
            102, 102, 102, 102, 102, 103, 104, 105, 106, 107, 102, 103, 104, 105, 106, 107, 104, 105, 106, 107, 107, 107, 107, 107, 107, 102, 102, 102, 102, 102, 102, 102, 102, 102, 102, 102, 103, 104, 105, 106, 107, 105, 106, 107, 107, 107, 107, 107, 107, 107,
            103, 104, 105, 106, 107, 107, 107, 107, 107, 107, 107, 107, 107, 107, 107, 107, 102, 102, 102, 102, 102, 102, 103, 104, 105, 106, 107, 104, 105, 106, 107, 107, 107, 107, 107, 107, 107, 107, 107, 107, 107, 102, 102, 102, 102, 102, 102, 103, 104, 105],
         "height":10,
         "id":3,
         "name":"Background_3",
         "opacity":1,
         "type":"tilelayer",
         "visible":true,
         "width":50,
         "x":0,
         "y":0
        }, 
        {
         "data":[0, 0, 0, 0, 0, 0, 0, 0, 0, 0, 0, 0, 0, 0, 0, 0, 0, 0, 0, 0, 0, 0, 0, 0, 0, 0, 0, 0, 0, 0, 0, 0, 0, 0, 0, 0, 0, 0, 0, 0, 0, 0, 0, 0, 0, 0, 0, 0, 0, 0,
            0, 0, 0, 0, 0, 0, 0, 0, 0, 0, 0, 0, 0, 0, 0, 0, 0, 0, 0, 0, 0, 0, 0, 0, 0, 0, 0, 0, 0, 0, 0, 0, 0, 0, 0, 0, 0, 0, 0, 0, 0, 0, 0, 0, 0, 0, 0, 0, 0, 0,
            0, 0, 0, 0, 0, 0, 0, 0, 0, 0, 0, 0, 0, 0, 0, 0, 0, 0, 0, 0, 0, 0, 0, 0, 0, 0, 0, 0, 0, 0, 0, 0, 0, 0, 0, 0, 0, 0, 0, 0, 0, 0, 0, 0, 0, 0, 0, 0, 0, 0,
            0, 0, 0, 0, 0, 0, 0, 0, 0, 0, 0, 0, 0, 0, 0, 0, 0, 0, 0, 0, 0, 0, 0, 0, 0, 0, 0, 0, 0, 0, 0, 0, 0, 0, 0, 0, 0, 0, 0, 0, 0, 0, 0, 0, 0, 0, 0, 0, 0, 0,
            0, 0, 0, 0, 0, 0, 0, 0, 0, 0, 0, 0, 0, 0, 0, 0, 0, 0, 0, 0, 0, 0, 0, 0, 0, 0, 0, 0, 0, 0, 0, 0, 0, 0, 0, 0, 0, 0, 0, 0, 0, 0, 0, 0, 0, 0, 0, 0, 0, 0,
            0, 0, 0, 0, 0, 0, 0, 0, 0, 0, 0, 0, 0, 0, 0, 0, 0, 0, 0, 0, 0, 0, 0, 0, 0, 0, 0, 0, 0, 0, 0, 0, 0, 0, 0, 0, 0, 0, 0, 0, 0, 0, 0, 0, 0, 0, 0, 0, 0, 0,
            0, 0, 0, 0, 0, 0, 0, 0, 0, 0, 0, 0, 0, 0, 0, 0, 0, 0, 0, 0, 0, 0, 0, 0, 0, 0, 0, 0, 0, 0, 0, 0, 0, 0, 0, 0, 0, 0, 0, 0, 0, 0, 0, 0, 0, 0, 0, 0, 0, 0,
            0, 0, 0, 0, 0, 0, 0, 0, 0, 0, 0, 0, 0, 0, 0, 0, 0, 0, 0, 0, 0, 0, 0, 0, 0, 0, 0, 0, 0, 0, 0, 0, 0, 0, 0, 0, 0, 0, 0, 0, 0, 0, 0, 0, 0, 0, 0, 0, 0, 0,
            0, 0, 0, 0, 0, 0, 0, 0, 0, 0, 0, 0, 0, 0, 0, 0, 0, 0, 0, 0, 0, 0, 0, 0, 0, 0, 0, 0, 0, 0, 0, 0, 0, 0, 0, 0, 0, 0, 0, 0, 0, 0, 0, 0, 0, 0, 0, 0, 0, 0,
            191, 192, 193, 194, 195, 196, 197, 198, 199, 200, 191, 192, 193, 194, 195, 196, 197, 198, 199, 200, 191, 192, 193, 194, 195, 196, 197, 198, 199, 200, 191, 192, 193, 194, 195, 196, 197, 198, 199, 200, 191, 192, 193, 194, 195, 196, 197, 198, 199, 200],
         "height":10,
         "id":4,
         "name":"Platforms_1",
         "opacity":1,
         "type":"tilelayer",
         "visible":true,
         "width":50,
         "x":0,
         "y":0
        }, 
        {
         "data":[0, 0, 0, 0, 0, 0, 0, 0, 0, 0, 0, 0, 0, 0, 0, 0, 0, 0, 0, 0, 0, 0, 0, 0, 0, 0, 0, 0, 0, 0, 0, 0, 0, 0, 0, 0, 0, 0, 0, 0, 0, 0, 0, 0, 0, 0, 0, 0, 0, 0,
            0, 0, 0, 0, 0, 0, 0, 0, 0, 0, 0, 0, 0, 0, 0, 0, 0, 0, 0, 0, 0, 0, 0, 0, 0, 0, 0, 0, 0, 0, 0, 0, 0, 0, 0, 0, 0, 0, 0, 0, 0, 0, 0, 0, 0, 0, 0, 0, 0, 0,
            0, 0, 0, 0, 0, 0, 0, 0, 0, 0, 0, 0, 0, 0, 0, 0, 0, 0, 0, 0, 0, 0, 0, 0, 0, 0, 0, 0, 0, 0, 0, 0, 0, 0, 0, 0, 0, 0, 0, 0, 0, 0, 0, 0, 0, 0, 0, 0, 0, 0,
            0, 0, 0, 0, 0, 0, 0, 0, 0, 0, 0, 0, 0, 0, 0, 0, 0, 0, 0, 0, 0, 0, 0, 0, 0, 0, 0, 0, 0, 0, 0, 0, 0, 0, 0, 0, 0, 0, 0, 0, 0, 0, 0, 0, 0, 0, 0, 0, 0, 0,
            0, 0, 0, 0, 0, 0, 0, 0, 0, 0, 0, 0, 0, 0, 0, 0, 0, 0, 0, 0, 0, 0, 0, 0, 0, 0, 0, 0, 0, 0, 0, 0, 210, 211, 212, 0, 0, 0, 0, 0, 0, 0, 0, 0, 0, 0, 0, 0, 0, 0,
            0, 0, 0, 0, 0, 0, 0, 0, 0, 0, 0, 0, 0, 0, 0, 0, 0, 0, 0, 0, 210, 211, 212, 0, 0, 0, 0, 0, 210, 212, 0, 0, 0, 0, 0, 0, 0, 213, 0, 0, 0, 0, 0, 0, 0, 0, 0, 210, 211, 212,
            0, 0, 0, 0, 0, 0, 0, 0, 0, 210, 211, 212, 0, 0, 0, 0, 0, 213, 0, 0, 0, 0, 0, 0, 0, 213, 0, 0, 0, 0, 0, 0, 0, 0, 0, 0, 0, 0, 0, 213, 0, 0, 0, 0, 210, 211, 212, 0, 0, 0,
            0, 0, 0, 0, 0, 0, 0, 213, 0, 0, 0, 0, 0, 210, 212, 0, 0, 0, 0, 0, 0, 0, 0, 0, 0, 0, 213, 0, 0, 0, 0, 0, 0, 0, 0, 0, 0, 0, 0, 0, 0, 213, 0, 0, 0, 0, 0, 0, 0, 0,
            0, 0, 0, 0, 0, 213, 0, 0, 0, 0, 0, 0, 0, 0, 0, 0, 0, 0, 0, 0, 0, 0, 0, 0, 0, 0, 0, 213, 0, 0, 0, 0, 0, 0, 0, 0, 0, 0, 0, 0, 0, 0, 213, 0, 0, 0, 0, 0, 0, 0,
            0, 0, 0, 0, 0, 0, 0, 0, 0, 0, 0, 0, 0, 0, 0, 0, 0, 0, 0, 0, 0, 0, 0, 0, 0, 0, 0, 0, 0, 0, 0, 0, 0, 0, 0, 0, 0, 0, 0, 0, 0, 0, 0, 0, 0, 0, 0, 0, 0, 0],
         "height":10,
         "id":5,
         "name":"Platforms_2",
         "opacity":1,
         "type":"tilelayer",
         "visible":true,
         "width":50,
         "x":0,
         "y":0
        }, 
        {
         "data":[0, 0, 0, 0, 0, 0, 0, 0, 0, 0, 0, 0, 0, 0, 0, 0, 0, 0, 0, 0, 0, 0, 0, 0, 0, 0, 0, 0, 0, 0, 0, 0, 0, 0, 0, 0, 0, 0, 0, 0, 0, 0, 0, 0, 0, 0, 0, 0, 0, 0,
            0, 0, 0, 0, 0, 0, 0, 0, 0, 0, 0, 0, 0, 0, 0, 0, 0, 0, 0, 0, 0, 0, 0, 0, 0, 0, 0, 0, 0, 0, 0, 0, 0, 0, 0, 0, 0, 0, 0, 0, 0, 0, 0, 0, 0, 0, 0, 0, 0, 0,
            0, 0, 0, 0, 0, 0, 0, 0, 0, 0, 0, 0, 0, 0, 0, 0, 0, 0, 0, 0, 0, 0, 0, 0, 0, 0, 0, 0, 0, 0, 0, 0, 0, 0, 0, 0, 0, 0, 0, 0, 0, 0, 0, 0, 0, 0, 0, 0, 0, 0,
            0, 0, 0, 0, 0, 0, 0, 0, 0, 0, 0, 0, 0, 0, 0, 0, 0, 0, 0, 0, 0, 0, 0, 0, 0, 0, 0, 0, 0, 0, 0, 0, 0, 0, 0, 0, 0, 0, 0, 0, 0, 0, 0, 0, 0, 0, 0, 0, 0, 0,
            0, 0, 0, 0, 0, 0, 0, 0, 0, 0, 0, 0, 0, 0, 0, 0, 0, 0, 0, 0, 0, 0, 0, 0, 0, 0, 0, 0, 0, 0, 0, 0, 0, 0, 0, 0, 0, 0, 0, 0, 0, 0, 0, 0, 0, 0, 0, 0, 243, 0,
            0, 0, 0, 0, 0, 0, 0, 0, 0, 0, 0, 0, 0, 0, 0, 0, 0, 0, 0, 0, 0, 0, 0, 0, 0, 0, 0, 0, 0, 0, 0, 0, 0, 0, 0, 0, 0, 0, 0, 0, 0, 0, 0, 0, 0, 0, 0, 0, 0, 0,
            0, 0, 0, 0, 0, 0, 0, 0, 0, 0, 531, 0, 0, 0, 0, 0, 0, 0, 0, 0, 0, 0, 0, 0, 0, 531, 0, 0, 0, 0, 0, 0, 0, 0, 0, 0, 0, 0, 0, 531, 0, 0, 0, 0, 0, 0, 0, 0, 0, 0,
            0, 0, 0, 0, 0, 0, 0, 0, 0, 0, 531, 0, 0, 0, 0, 0, 0, 0, 0, 0, 0, 0, 0, 0, 0, 531, 0, 0, 0, 0, 0, 0, 0, 0, 0, 0, 0, 0, 0, 531, 0, 0, 0, 0, 0, 0, 0, 0, 0, 0,
            0, 0, 0, 0, 0, 0, 0, 0, 0, 0, 531, 0, 0, 0, 0, 0, 0, 0, 0, 0, 0, 0, 0, 0, 0, 531, 0, 0, 0, 0, 0, 0, 0, 0, 0, 0, 0, 0, 0, 531, 0, 0, 0, 0, 0, 0, 0, 0, 0, 0,
            0, 0, 0, 0, 0, 0, 0, 0, 510, 512, 531, 0, 0, 0, 0, 0, 0, 511, 0, 0, 0, 0, 0, 510, 0, 531, 0, 0, 0, 0, 0, 0, 510, 0, 511, 0, 0, 0, 0, 531, 0, 0, 0, 0, 0, 0, 512, 0, 0, 0],
         "height":10,
         "id":6,
         "name":"Decorations",
         "opacity":1,
         "type":"tilelayer",
         "visible":true,
         "width":50,
         "x":0,
         "y":0
        }, 
        {
         "data":[0, 0, 0, 0, 0, 0, 0, 0, 0, 0, 0, 0, 0, 0, 0, 0, 0, 0, 0, 0, 0, 0, 0, 0, 0, 0, 0, 0, 0, 0, 0, 0, 0, 0, 0, 0, 0, 0, 0, 0, 0, 0, 0, 0, 0, 0, 0, 0, 0, 0,
            0, 0, 0, 0, 0, 0, 0, 0, 0, 0, 0, 0, 0, 0, 0, 0, 0, 0, 0, 0, 0, 0, 0, 0, 0, 0, 0, 0, 0, 0, 0, 0, 0, 0, 0, 0, 0, 0, 0, 0, 0, 0, 0, 0, 0, 0, 0, 0, 0, 0,
            0, 0, 0, 0, 0, 0, 0, 0, 0, 0, 0, 0, 0, 0, 0, 0, 0, 0, 0, 0, 0, 0, 0, 0, 0, 0, 0, 0, 0, 0, 0, 0, 0, 350, 0, 0, 0, 0, 0, 0, 0, 0, 0, 0, 0, 0, 0, 0, 0, 0,
            0, 0, 0, 0, 0, 0, 0, 0, 0, 0, 0, 0, 0, 0, 0, 0, 0, 0, 0, 0, 0, 350, 0, 0, 0, 0, 0, 0, 0, 0, 0, 0, 0, 0, 0, 0, 0, 0, 0, 0, 0, 0, 0, 0, 0, 0, 0, 0, 0, 0,
            0, 0, 0, 0, 0, 0, 0, 0, 0, 0, 350, 0, 0, 0, 0, 0, 0, 0, 0, 0, 0, 0, 0, 0, 0, 0, 0, 0, 0, 0, 0, 0, 0, 0, 0, 0, 0, 0, 0, 0, 0, 0, 0, 0, 0, 0, 0, 0, 0, 0,
            0, 0, 0, 0, 0, 0, 0, 0, 0, 0, 0, 0, 0, 0, 0, 0, 0, 0, 0, 0, 0, 0, 0, 0, 0, 0, 0, 0, 0, 0, 0, 0, 0, 0, 0, 0, 0, 0, 0, 0, 0, 0, 0, 0, 0, 350, 0, 0, 0, 0,
            0, 0, 0, 0, 0, 0, 0, 0, 0, 0, 0, 0, 0, 0, 0, 0, 0, 0, 0, 0, 0, 0, 0, 0, 0, 0, 0, 0, 0, 0, 0, 0, 0, 0, 0, 0, 0, 0, 0, 0, 0, 0, 0, 0, 0, 0, 0, 0, 0, 0,
            0, 0, 0, 0, 0, 0, 0, 0, 0, 0, 0, 0, 0, 0, 0, 0, 0, 0, 0, 0, 0, 0, 0, 0, 0, 0, 0, 0, 0, 0, 0, 0, 0, 0, 0, 0, 0, 0, 0, 0, 0, 0, 0, 0, 0, 0, 0, 0, 0, 0,
            0, 0, 0, 0, 0, 0, 0, 0, 0, 0, 0, 0, 0, 0, 0, 0, 0, 0, 0, 0, 0, 0, 0, 0, 0, 0, 0, 0, 0, 350, 0, 0, 0, 0, 0, 0, 0, 0, 0, 0, 0, 0, 0, 0, 0, 0, 0, 0, 0, 0,
            0, 0, 0, 0, 0, 0, 0, 0, 0, 0, 0, 0, 0, 0, 0, 0, 0, 0, 0, 0, 0, 0, 0, 0, 0, 0, 0, 0, 0, 0, 0, 0, 0, 0, 0, 0, 0, 0, 0, 0, 0, 0, 0, 0, 0, 0, 0, 0, 0, 0],
         "height":10,
         "id":7,
         "name":"Coins",
         "opacity":1,
         "type":"tilelayer",
         "visible":true,
         "width":50,
         "x":0,
         "y":0
        }, 
        {
         "draworder":"topdown",
         "id":8,
         "name":"Text",
         "objects":[
                {
                 "height":18.84375,
                 "id":1,
                 "name":"",
                 "rotation":0,
                 "text":
                    {
                     "color":"#ffffff",
                     "fontfamily":"American Typewriter",
                     "text":"I can make a difference in the world...",
                     "wrap":true
                    },
                 "type":"",
                 "visible":true,
                 "width":300,
                 "x":544.8828125,
                 "y":136.578125
                }, 
                {
                 "height":18.8438,
                 "id":2,
                 "name":"",
                 "rotation":0,
                 "text":
                    {
                     "color":"#ffffff",
                     "fontfamily":"American Typewriter",
                     "text":"...by helping clean up local ecosystems...",
                     "wrap":true
                    },
                 "type":"",
                 "visible":true,
                 "width":330,
                 "x":1214,
                 "y":167.5781
                }],
         "opacity":1,
         "type":"objectgroup",
         "visible":true,
         "x":0,
         "y":0
        }],
 "nextlayerid":10,
 "nextobjectid":3,
 "orientation":"orthogonal",
 "renderorder":"right-down",
 "tiledversion":"1.10.2",
 "tileheight":32,
 "tilesets":[
        {
         "firstgid":1,
         "source":"../tiles/1.Backround.tsx"
        }, 
        {
         "firstgid":51,
         "source":"../tiles/2.Trees_back.tsx"
        }, 
        {
         "firstgid":101,
         "source":"../tiles/3.Trees_front.tsx"
        }, 
        {
         "firstgid":151,
         "source":"../tiles/4.Ground.tsx"
        }, 
        {
         "firstgid":201,
         "source":"../tiles/Decorations (32x32).tsx"
        }, 
        {
         "firstgid":243,
         "source":"../tiles/Idle.tsx"
        }, 
        {
         "firstgid":244,
         "source":"../tiles/MegaPixelArt32x32pxIcons_SpriteSheet.tsx"
        }, 
        {
         "firstgid":748,
         "source":"../tiles/1.tsx"
        }, 
        {
         "firstgid":757,
         "source":"../tiles/dead tree 1.tsx"
        }, 
        {
         "firstgid":766,
         "source":"../tiles/1.Backround.tsx"
        }, 
        {
         "firstgid":816,
         "source":"../tiles/3.Mountains.tsx"
        }],
 "tilewidth":32,
 "type":"map",
 "version":"1.10",
 "width":50
}